category,lat,lon,name,city,country,type,sector,source_type,data_collection_method,source_text,source_url,dataset_id,dataset_name,pfas_values,unit,pfas_sum,details,matrix,date,year
Known,47.456794,9.666795,Rhein (AT),Fußach,,Sampling location,,NGO,Press inquiry,Pesticide Action Network,https://www.pan-europe.info/resources/reports/2024/07/tfa-forever-chemical-water-we-drink,132,TFA_PAN,"[{""cas_id"":""76-05-1"",""unit"":""ng/l"",""substance"":""TFA"",""isomer"":null,""less_than"":null,""value"":""460.0""}]",ng/l,460.0,"{""original_matrix (matrix)"":""EAU DE SURFACE""}",Surface water,,2024
Known,47.256618,11.376714,Inn (AT),Innsbruck,,Sampling location,,NGO,Press inquiry,Pesticide Action Network,https://www.pan-europe.info/resources/reports/2024/07/tfa-forever-chemical-water-we-drink,132,TFA_PAN,"[{""cas_id"":""76-05-1"",""unit"":""ng/l"",""substance"":""TFA"",""isomer"":null,""less_than"":null,""value"":""440.0""}]",ng/l,440.0,"{""original_matrix (matrix)"":""EAU DE SURFACE""}",Surface water,,2024
Known,47.831915,13.026931,Salzach (AT),Salzburg,,Sampling location,,NGO,Press inquiry,Pesticide Action Network,https://www.pan-europe.info/resources/reports/2024/07/tfa-forever-chemical-water-we-drink,132,TFA_PAN,"[{""cas_id"":""76-05-1"",""unit"":""ng/l"",""substance"":""TFA"",""isomer"":null,""less_than"":null,""value"":""370.0""}]",ng/l,370.0,"{""original_matrix (matrix)"":""EAU DE SURFACE""}",Surface water,,2024
Known,46.587106,14.00421,Drau (AT),Rosegg,,Sampling location,,NGO,Press inquiry,Pesticide Action Network,https://www.pan-europe.info/resources/reports/2024/07/tfa-forever-chemical-water-we-drink,132,TFA_PAN,"[{""cas_id"":""76-05-1"",""unit"":""ng/l"",""substance"":""TFA"",""isomer"":null,""less_than"":null,""value"":""630.0""}]",ng/l,630.0,"{""original_matrix (matrix)"":""EAU DE SURFACE""}",Surface water,,2024
Known,46.983782,15.477972,Mur (AT),Gössendorf,,Sampling location,,NGO,Press inquiry,Pesticide Action Network,https://www.pan-europe.info/resources/reports/2024/07/tfa-forever-chemical-water-we-drink,132,TFA_PAN,"[{""cas_id"":""76-05-1"",""unit"":""ng/l"",""substance"":""TFA"",""isomer"":null,""less_than"":null,""value"":""500.0""}]",ng/l,500.0,"{""original_matrix (matrix)"":""EAU DE SURFACE""}",Surface water,,2024
Known,48.212748,14.485808,Enns (AT),Ennsdorf,,Sampling location,,NGO,Press inquiry,Pesticide Action Network,https://www.pan-europe.info/resources/reports/2024/07/tfa-forever-chemical-water-we-drink,132,TFA_PAN,"[{""cas_id"":""76-05-1"",""unit"":""ng/l"",""substance"":""TFA"",""isomer"":null,""less_than"":null,""value"":""480.0""}]",ng/l,480.0,"{""original_matrix (matrix)"":""EAU DE SURFACE""}",Surface water,,2024
Known,47.949519,17.082525,Leitha (AT),Nickelsdorf,,Sampling location,,NGO,Press inquiry,Pesticide Action Network,https://www.pan-europe.info/resources/reports/2024/07/tfa-forever-chemical-water-we-drink,132,TFA_PAN,"[{""cas_id"":""76-05-1"",""unit"":""ng/l"",""substance"":""TFA"",""isomer"":null,""less_than"":null,""value"":""1000.0""}]",ng/l,1000.0,"{""original_matrix (matrix)"":""EAU DE SURFACE""}",Surface water,,2024
Known,48.192758,16.272766,Wienfluss (/AT),Vienna,,Sampling location,,NGO,Press inquiry,Pesticide Action Network,https://www.pan-europe.info/resources/reports/2024/07/tfa-forever-chemical-water-we-drink,132,TFA_PAN,"[{""cas_id"":""76-05-1"",""unit"":""ng/l"",""substance"":""TFA"",""isomer"":null,""less_than"":null,""value"":""1000.0""}]",ng/l,1000.0,"{""original_matrix (matrix)"":""EAU DE SURFACE""}",Surface water,,2024
Known,48.117232,16.697229,Donau (/AT),Haslau - Maria Ellend,,Sampling location,,NGO,Press inquiry,Pesticide Action Network,https://www.pan-europe.info/resources/reports/2024/07/tfa-forever-chemical-water-we-drink,132,TFA_PAN,"[{""cas_id"":""76-05-1"",""unit"":""ng/l"",""substance"":""TFA"",""isomer"":null,""less_than"":null,""value"":""760.0""}]",ng/l,760.0,"{""original_matrix (matrix)"":""EAU DE SURFACE""}",Surface water,,2024
Known,48.121561,16.611209,Fischa (/AT),Fischamend,,Sampling location,,NGO,Press inquiry,Pesticide Action Network,https://www.pan-europe.info/resources/reports/2024/07/tfa-forever-chemical-water-we-drink,132,TFA_PAN,"[{""cas_id"":""76-05-1"",""unit"":""ng/l"",""substance"":""TFA"",""isomer"":null,""less_than"":null,""value"":""510.0""}]",ng/l,510.0,"{""original_matrix (matrix)"":""EAU DE SURFACE""}",Surface water,,2024
Known,50.529112,5.214921,Mehaigne (BE),Petite Wanze,,Sampling location,,NGO,Press inquiry,Pesticide Action Network,https://www.pan-europe.info/resources/reports/2024/07/tfa-forever-chemical-water-we-drink,132,TFA_PAN,"[{""cas_id"":""76-05-1"",""unit"":""ng/l"",""substance"":""TFA"",""isomer"":null,""less_than"":null,""value"":""2500.0""}]",ng/l,2500.0,"{""original_matrix (matrix)"":""EAU DE SURFACE""}",Surface water,,2024
Known,49.740393,6.109462,Alzette (LU),Rollingen,,Sampling location,,NGO,Press inquiry,Pesticide Action Network,https://www.pan-europe.info/resources/reports/2024/07/tfa-forever-chemical-water-we-drink,132,TFA_PAN,"[{""cas_id"":""76-05-1"",""unit"":""ng/l"",""substance"":""TFA"",""isomer"":null,""less_than"":null,""value"":""1200.0""}]",ng/l,1200.0,"{""original_matrix (matrix)"":""EAU DE SURFACE""}",Surface water,,2024
Known,45.759014,16.05261,Sava (CRO),Mičevec,,Sampling location,,NGO,Press inquiry,Pesticide Action Network,https://www.pan-europe.info/resources/reports/2024/07/tfa-forever-chemical-water-we-drink,132,TFA_PAN,"[{""cas_id"":""76-05-1"",""unit"":""ng/l"",""substance"":""TFA"",""isomer"":null,""less_than"":null,""value"":""630.0""}]",ng/l,630.0,"{""original_matrix (matrix)"":""EAU DE SURFACE""}",Surface water,,2024
Known,59.25839,17.76344,Norsborg (SWE),Botkyrka,,Sampling location,,NGO,Press inquiry,Pesticide Action Network,https://www.pan-europe.info/resources/reports/2024/07/tfa-forever-chemical-water-we-drink,132,TFA_PAN,"[{""cas_id"":""76-05-1"",""unit"":""ng/l"",""substance"":""TFA"",""isomer"":null,""less_than"":null,""value"":""650.0""}]",ng/l,650.0,"{""original_matrix (matrix)"":""EAU DE SURFACE""}",Surface water,,2024
Known,53.544787,9.910484,Elbe (DE),Hamburg,,Sampling location,,NGO,Press inquiry,Pesticide Action Network,https://www.pan-europe.info/resources/reports/2024/07/tfa-forever-chemical-water-we-drink,132,TFA_PAN,"[{""cas_id"":""76-05-1"",""unit"":""ng/l"",""substance"":""TFA"",""isomer"":null,""less_than"":null,""value"":""3300.0""}]",ng/l,3300.0,"{""original_matrix (matrix)"":""EAU DE SURFACE""}",Surface water,,2024
Known,49.442077,2.864354,Oise near Clairoix (FRA),Choisy-au-Bac,,Sampling location,,NGO,Press inquiry,Pesticide Action Network,https://www.pan-europe.info/resources/reports/2024/07/tfa-forever-chemical-water-we-drink,132,TFA_PAN,"[{""cas_id"":""76-05-1"",""unit"":""ng/l"",""substance"":""TFA"",""isomer"":null,""less_than"":null,""value"":""1900.0""}]",ng/l,1900.0,"{""original_matrix (matrix)"":""EAU DE SURFACE""}",Surface water,,2024
Known,49.436127,2.875591,"Aisne, Choisy au Bac (FRA)",Choisy-au-Bac,,Sampling location,,NGO,Press inquiry,Pesticide Action Network,https://www.pan-europe.info/resources/reports/2024/07/tfa-forever-chemical-water-we-drink,132,TFA_PAN,"[{""cas_id"":""76-05-1"",""unit"":""ng/l"",""substance"":""TFA"",""isomer"":null,""less_than"":null,""value"":""2400.0""}]",ng/l,2400.0,"{""original_matrix (matrix)"":""EAU DE SURFACE""}",Surface water,,2024
Known,49.884436,2.398472,Somme at Glisy (FRA),Glisy,,Sampling location,,NGO,Press inquiry,Pesticide Action Network,https://www.pan-europe.info/resources/reports/2024/07/tfa-forever-chemical-water-we-drink,132,TFA_PAN,"[{""cas_id"":""76-05-1"",""unit"":""ng/l"",""substance"":""TFA"",""isomer"":null,""less_than"":null,""value"":""1500.0""}]",ng/l,1500.0,"{""original_matrix (matrix)"":""EAU DE SURFACE""}",Surface water,,2024
Known,48.852228,2.353512,Seine in PARIS (FRA),Paris,,Sampling location,,NGO,Press inquiry,Pesticide Action Network,https://www.pan-europe.info/resources/reports/2024/07/tfa-forever-chemical-water-we-drink,132,TFA_PAN,"[{""cas_id"":""76-05-1"",""unit"":""ng/l"",""substance"":""TFA"",""isomer"":null,""less_than"":null,""value"":""2900.0""}]",ng/l,2900.0,"{""original_matrix (matrix)"":""EAU DE SURFACE""}",Surface water,,2024
Known,42.514929,27.373993,Dolno Ezerovo (BG),Burgas,,Sampling location,,NGO,Press inquiry,Pesticide Action Network,https://www.pan-europe.info/resources/reports/2024/07/tfa-forever-chemical-water-we-drink,132,TFA_PAN,"[{""cas_id"":""76-05-1"",""unit"":""ng/l"",""substance"":""TFA"",""isomer"":null,""less_than"":null,""value"":""1200.0""}]",ng/l,1200.0,"{""original_matrix (matrix)"":""EAU DE SURFACE""}",Surface water,,2024
Known,53.029729,6.658724,Drentsche Aa (NL),Gasteren,,Sampling location,,NGO,Press inquiry,Pesticide Action Network,https://www.pan-europe.info/resources/reports/2024/07/tfa-forever-chemical-water-we-drink,132,TFA_PAN,"[{""cas_id"":""76-05-1"",""unit"":""ng/l"",""substance"":""TFA"",""isomer"":null,""less_than"":null,""value"":""1600.0""}]",ng/l,1600.0,"{""original_matrix (matrix)"":""EAU DE SURFACE""}",Surface water,,2024
Known,42.515253,27.378505,Well Water (BG),Burgas,,Sampling location,,NGO,Press inquiry,Pesticide Action Network,https://www.pan-europe.info/resources/reports/2024/07/tfa-forever-chemical-water-we-drink,132,TFA_PAN,"[{""cas_id"":""76-05-1"",""unit"":""ng/l"",""substance"":""TFA"",""isomer"":null,""less_than"":null,""value"":""1100.0""}]",ng/l,1100.0,"{""original_matrix (matrix)"":""EAUX SOUTERRAINES""}",Groundwater,,2024
Known,49.640766,6.155365,Well Water (LUX),Luxembourg,,Sampling location,,NGO,Press inquiry,Pesticide Action Network,https://www.pan-europe.info/resources/reports/2024/07/tfa-forever-chemical-water-we-drink,132,TFA_PAN,"[{""cas_id"":""76-05-1"",""unit"":""ng/l"",""substance"":""TFA"",""isomer"":null,""less_than"":null,""value"":""970.0""}]",ng/l,970.0,"{""original_matrix (matrix)"":""EAUX SOUTERRAINES""}",Groundwater,,2024
Known,47.45823,9.659374,"Vorarlberg, 6972 Fußach Hasenfeld 2
",Fußach,,Sampling location,,NGO,Press inquiry,Pesticide Action Network,https://www.pan-europe.info/resources/reports/2024/07/tfa-forever-chemical-water-we-drink,132,TFA_PAN,"[{""cas_id"":""76-05-1"",""unit"":""ng/l"",""substance"":""TFA"",""isomer"":null,""less_than"":null,""value"":""390.0""}]",ng/l,390.0,"{""original_matrix (matrix)"":""EAU DU ROBINET""}",Drinking water,,2024
Known,47.264018,11.417938,"Innsbruck (Church)
",Innsbruck,,Sampling location,,NGO,Press inquiry,Pesticide Action Network,https://www.pan-europe.info/resources/reports/2024/07/tfa-forever-chemical-water-we-drink,132,TFA_PAN,"[{""cas_id"":""76-05-1"",""unit"":""ng/l"",""substance"":""TFA"",""isomer"":null,""less_than"":null,""value"":""120.0""}]",ng/l,120.0,"{""original_matrix (matrix)"":""EAU DU ROBINET""}",Drinking water,,2024
Known,47.806648,13.023251,"Salzburg Church
",Salzburg,,Sampling location,,NGO,Press inquiry,Pesticide Action Network,https://www.pan-europe.info/resources/reports/2024/07/tfa-forever-chemical-water-we-drink,132,TFA_PAN,"[{""cas_id"":""76-05-1"",""unit"":""ng/l"",""substance"":""TFA"",""isomer"":null,""less_than"":null,""value"":""520.0""}]",ng/l,520.0,"{""original_matrix (matrix)"":""EAU DU ROBINET""}",Drinking water,,2024
Known,46.813432,14.367391,"Carinthia (A) 9311 Kraig, Church
",Frauenstein,,Sampling location,,NGO,Press inquiry,Pesticide Action Network,https://www.pan-europe.info/resources/reports/2024/07/tfa-forever-chemical-water-we-drink,132,TFA_PAN,"[{""cas_id"":""76-05-1"",""unit"":""ng/l"",""substance"":""TFA"",""isomer"":null,""less_than"":null,""value"":""470.0""}]",ng/l,470.0,"{""original_matrix (matrix)"":""EAU DU ROBINET""}",Drinking water,,2024
Known,46.966713,15.399545,"Styria, 8141 Premstädten Church
",Premstätten,,Sampling location,,NGO,Press inquiry,Pesticide Action Network,https://www.pan-europe.info/resources/reports/2024/07/tfa-forever-chemical-water-we-drink,132,TFA_PAN,"[{""cas_id"":""76-05-1"",""unit"":""ng/l"",""substance"":""TFA"",""isomer"":null,""less_than"":null,""value"":""1600.0""}]",ng/l,1600.0,"{""original_matrix (matrix)"":""EAU DU ROBINET""}",Drinking water,,2024
Known,42.514676,27.370801,Burgas,Burgas,,Sampling location,,NGO,Press inquiry,Pesticide Action Network,https://www.pan-europe.info/resources/reports/2024/07/tfa-forever-chemical-water-we-drink,132,TFA_PAN,"[{""cas_id"":""76-05-1"",""unit"":""ng/l"",""substance"":""TFA"",""isomer"":null,""less_than"":null,""value"":""940.0""}]",ng/l,940.0,"{""original_matrix (matrix)"":""EAU DU ROBINET""}",Drinking water,,2024
Known,45.806468,15.71601,Samobor,Grad Samobor,,Sampling location,,NGO,Press inquiry,Pesticide Action Network,https://www.pan-europe.info/resources/reports/2024/07/tfa-forever-chemical-water-we-drink,132,TFA_PAN,"[{""cas_id"":""76-05-1"",""unit"":""ng/l"",""substance"":""TFA"",""isomer"":null,""less_than"":null,""value"":""160.0""}]",ng/l,160.0,"{""original_matrix (matrix)"":""EAU DU ROBINET""}",Drinking water,,2024
Known,59.23476,18.08739,"Stockholm, Farsta",Stockholm,,Sampling location,,NGO,Press inquiry,Pesticide Action Network,https://www.pan-europe.info/resources/reports/2024/07/tfa-forever-chemical-water-we-drink,132,TFA_PAN,"[{""cas_id"":""76-05-1"",""unit"":""ng/l"",""substance"":""TFA"",""isomer"":null,""less_than"":null,""value"":""400.0""}]",ng/l,400.0,"{""original_matrix (matrix)"":""EAU DU ROBINET""}",Drinking water,,2024
Known,49.438186,2.846408,Clairoix,Clairoix,,Sampling location,,NGO,Press inquiry,Pesticide Action Network,https://www.pan-europe.info/resources/reports/2024/07/tfa-forever-chemical-water-we-drink,132,TFA_PAN,"[{""cas_id"":""76-05-1"",""unit"":""ng/l"",""substance"":""TFA"",""isomer"":null,""less_than"":null,""value"":""200.0""}]",ng/l,200.0,"{""original_matrix (matrix)"":""EAU DU ROBINET""}",Drinking water,,2024
Known,49.877483,2.398315,Gilsy,Glisy,,Sampling location,,NGO,Press inquiry,Pesticide Action Network,https://www.pan-europe.info/resources/reports/2024/07/tfa-forever-chemical-water-we-drink,132,TFA_PAN,"[{""cas_id"":""76-05-1"",""unit"":""ng/l"",""substance"":""TFA"",""isomer"":null,""less_than"":null,""value"":""84.0""}]",ng/l,84.0,"{""original_matrix (matrix)"":""EAU DU ROBINET""}",Drinking water,,2024
Known,49.120234,6.175554,Metz,Metz,,Sampling location,,NGO,Press inquiry,Pesticide Action Network,https://www.pan-europe.info/resources/reports/2024/07/tfa-forever-chemical-water-we-drink,132,TFA_PAN,"[{""cas_id"":""76-05-1"",""unit"":""ng/l"",""substance"":""TFA"",""isomer"":null,""less_than"":null,""value"":""500.0""}]",ng/l,500.0,"{""original_matrix (matrix)"":""EAU DU ROBINET""}",Drinking water,,2024
