category,lat,lon,name,city,country,type,sector,source_type,data_collection_method,source_text,source_url,dataset_id,dataset_name,pfas_values,unit,pfas_sum,details,matrix,date,year
Known PFAS user,45.864286,5.948318,Fortier Beaulieu,Rumilly,France,Industrial site,,Authorities,OSINT,ARS Rhône-Alpes,https://www.auvergne-rhone-alpes.ars.sante.fr/pfas-focus-sur-la-situation-rumilly-haute-savoie,0,Known PFAS Users,[],,,{},,,
Known PFAS user,45.838896,5.960591,Salomon,Rumilly,France,Industrial site,,Authorities,OSINT,ARS Rhône-Alpes,https://www.auvergne-rhone-alpes.ars.sante.fr/pfas-focus-sur-la-situation-rumilly-haute-savoie,0,Known PFAS Users,[],,,{},,,
Known PFAS user,46.566759,4.90498,Tefal,Tournus,France,Industrial site,,Authorities,OSINT,Géorisques,https://www.georisques.gouv.fr/risques/registre-des-emissions-polluantes/etablissement/details/293#/,0,Known PFAS Users,[],,,{},,,
Known PFAS user,47.98403,14.272978,Agru,Waldneukirchen,Austria,Industrial site,Manufacture of rubber and plastic products,Company,OSINT,Agru,https://www.agru.at/en/,0,Known PFAS Users,[],,,"{""maps_link"":""https://goo.gl/maps/cSD9QcvjzUhutfgv8 ""}",,,
Known PFAS user,48.032,14.225225,Agru,Bad Hall,Austria,Industrial site,Manufacture of rubber and plastic products,Company,OSINT,Agru,https://www.agru.at/en/,0,Known PFAS Users,[],,,"{""maps_link"":""https://goo.gl/maps/NkuHEHiEQbVAB5CJ8 ""}",,,
Known PFAS user,47.5944,12.18521,Freudenberg,Kufstein,Austria,Industrial site,Manufacture of rubber and plastic products,Company,OSINT,Freudenberg,"https://www.fst.com/-/media/files/fst,-d-,com/certificates/iso_14001/castelli_calepio_iso_14001_2015_20231123.pdf",0,Known PFAS Users,[],,,{},,,
Known PFAS user,47.469984,12.628154,Technofyon,Hochfilzen,Austria,Industrial site,Manufacture of rubber and plastic products,Company,OSINT,Technofyon,https://www.dichtungen.at/de/,0,Known PFAS Users,[],,,{},,,
Known PFAS user,50.880471,4.268786,ANSUL,Dilbeek,Belgium,Industrial site,,Company,OSINT,ANSUL,https://www.ansul.be/fr/produits,0,Known PFAS Users,[],,,{},,,
Known PFAS user,51.011701,4.459179,Chemours,Mechelen,Belgium,Industrial site,Manufacture of rubber and plastic products,Company,OSINT,Teflon,https://www.chemours.com/en/-/media/files/corporate/multi-site-rc-14001-certificate.pdf?rev=a96af5b620024a09bfb2c69c81b0a835 ,0,Known PFAS Users,[],,,"{""maps_link"":""https://goo.gl/maps/MNW1NRmUCFdqx6CY8""}",,,
Known PFAS user,50.952076,4.244628,MCM,Merchtem,Belgium,Industrial site,Manufacture of rubber and plastic products,Company,OSINT,MCM,http://mcm-spa.it/en/products/productlist/ ,0,Known PFAS Users,[],,,{},,,
Known PFAS user,51.036906,4.359788,Orchidee,Willebroek,Belgium,Industrial site,,Company,OSINT,Orchidee,https://orchidee-fire.com/products-solutions/?_sft_product_cat=foams,0,Known PFAS Users,[],,,{},,,
Known PFAS user,50.787406,5.527537,Shamrock Technologies,Tongeren,Belgium,Industrial site,Manufacture of rubber and plastic products,Company,OSINT,Shamrock,https://web.archive.org/web/20221215221147/https://shamrock-technologies.inhroffice.com/nl/job/239230,0,Known PFAS Users,[],,,{},,,
Known PFAS user,51.098489,3.688144,Synthomer,Evergem,Belgium,Industrial site,,Company,OSINT,Synthomer Evergem,https://www.synthomer.com/media/zj4fsxu5/certificatede012296_iso14001_synthomer-a8b12ed26138412db87603b87c3d087e.pdf,0,Known PFAS Users,[],,,{},,,
Known PFAS user,50.412454,4.014267,UNITEQ,Harmignies,Belgium,Industrial site,,Company,OSINT,UNITEQ,https://uniteq.biz/products/water-additives/,0,Known PFAS Users,[],,,{},,,
Known PFAS user,51.078627,4.140121,Vaneflon,Hamme,Belgium,Industrial site,Manufacture of rubber and plastic products,Company,OSINT,Vaneflon,https://www.vaneflon.be/en/ ,0,Known PFAS Users,[],,,"{""maps_link"":""https://goo.gl/maps/UJWzwDTGbTUKXFvY6 ""}",,,
Known PFAS user,50.905096,3.409846,Wevapress Thermoplastics,Waregem,Belgium,Industrial site,Manufacture of rubber and plastic products,Company,OSINT,Wevapress Thermoplastics,https://www.wefapress.com/en/plastic-producing-company,0,Known PFAS Users,[],,,"{""maps_link"":""https://g.page/wefapress?share""}",,,
Known PFAS user,51.149487,4.538507,Xtraflex,Lier,Belgium,Industrial site,Manufacture of rubber and plastic products,Company,OSINT,Xtraflex,http://xtraflex.com/,0,Known PFAS Users,[],,,{},,,
Known PFAS user,50.135407,15.77715,Freudenberg,Opatovice nad Labem,Czechia,Industrial site,Manufacture of rubber and plastic products,Company,OSINT,Freudenberg,"https://www.fst.com/-/media/files/fst,-d-,com/certificates/iso_14001/castelli_calepio_iso_14001_2015_20231123.pdf",0,Known PFAS Users,[],,,{},,,
Known PFAS user,50.76385,15.054459,Huntsman,Liberec,Czechia,Industrial site,,Company,OSINT,Huntsman,https://solutions.cht.com/cht/medien.nsf/gfx/med_MJOS-BMBEB4_3972BB/$file/The-List-by-INDITEX-Edition-IV.pdf,0,Known PFAS Users,[],,,"{""maps_link"":""https://goo.gl/maps/ieUDLd7tnKeLs3DY9""}",,,
Known PFAS user,49.414849,13.318492,Serto,Klatovy,Czechia,Industrial site,,Company,OSINT,Serto,https://www.serto.com/en/products/product-range/tubes-hoses/plastic-tubes/,0,Known PFAS Users,[],,,"{""maps_link"":""https://goo.gl/maps/kSSx2qLogru7HzJi6""}",,,
Known PFAS user,49.728706,13.315763,Wacker Chemie ,Pilsen,Czechia,Industrial site,Manufacture of plastics in primary forms,Company,OSINT,Wacker Pilsen,https://www.wacker.com/cms/en-us/about-wacker/wacker-at-a-glance/production-sites/pilsen.html,0,Known PFAS Users,[],,,{},,,
Known PFAS user,55.721933,12.42718,Linatex,Herlev,Denmark,Industrial site,Manufacture of rubber and plastic products,Company,OSINT,Linatex,https://linatex.dk/r-and-d/,0,Known PFAS Users,[],,,{},,,
Known PFAS user,56.01674,12.193935,O.L. Seals,Helsinge,Denmark,Industrial site,Manufacture of rubber and plastic products,Company,OSINT,O.L. Seals,http://mcm-spa.it/fr/contact/ ,0,Known PFAS Users,[],,,{},,,
Known PFAS user,62.842771,21.419046,Fluorplast,Petolahti,Finland,Industrial site,Manufacture of rubber and plastic products,Company,OSINT,Fluorplast,http://www.fluorplast.fi/en/ptfe-products,0,Known PFAS Users,[],,,"{""maps_link"":""https://goo.gl/maps/9r74nubXymW5ep1t8""}",,,
Known PFAS user,60.628841,25.268249,PRP-Plastic,Mäntsälä,Finland,Industrial site,Manufacture of rubber and plastic products,Company,OSINT,PRP-Plastic,https://www.prpplastic.fi/en/home,0,Known PFAS Users,[],,,"{""maps_link"":""https://goo.gl/maps/6Js6Kv8thxnXesdD9""}",,,
Known PFAS user,47.858601,5.347156,3P Performance Plastics Products,Langres,France,Industrial site,Manufacture of rubber and plastic products,Company,OSINT,3P ,https://www.haute-marne.gouv.fr/content/download/10558/75640/file/AP%20n%C2%B0%201056%20du%2010%20avril%202018%203%20P%20-%20LANGRES.pdf ,0,Known PFAS Users,[],,,{},,,
Known PFAS user,48.834075,1.941592,Aberflon,Plaisir,France,Industrial site,Manufacture of rubber and plastic products,Company,OSINT,Aberflon,https://aberflon.fr/nos-produits/,0,Known PFAS Users,[],,,{},,,
Known PFAS user,49.310541,1.012182,BASF Agri Solutions,Saint-Aubin-lès-Elbeuf,France,Industrial site,,Company,OSINT,BASF Agri Solutions,https://www.basf.com/fr/fr/who-we-are/BASF_en_France/Strategie-et-Organisation-France/Elbeuf.html,0,Known PFAS Users,[],,,"{""maps_link"":""https://goo.gl/maps/GNkboGS1G52UjF8UA""}",,,
Known PFAS user,45.768166,4.703427,BioEx,Sainte-Consorce,France,Industrial site,,Company,OSINT,BioEx,https://www.bio-ex.com/fr/,0,Known PFAS Users,[],,,{},,,
Known PFAS user,43.674642,1.415409,C2M Aurochs Industrie,Aucamville,France,Industrial site,,Company,OSINT,C2M Auroch,https://www.c2m-aurochs-industrie.com/qui-sommes-nous/,0,Known PFAS Users,[],,,{},,,
Known PFAS user,48.92643,2.405527,DEMGY SPN ,La Courneuve,France,Industrial site,Manufacture of rubber and plastic products,Company,OSINT,DEMGY SPN ,http://www.plastiques-nobles.com/matieres-plastiques/ ,0,Known PFAS Users,[],,,"{""maps_link"":""https://goo.gl/maps/yKPVs1Md3zWc79BY7""}",,,
Known PFAS user,49.227023,4.093472,Eau et Feu,Reims,France,Industrial site,,Company,OSINT,Eau et Feu,https://eauetfeu.fr/produits/emulseurs/categorie-de-risque-feu/emulseurs-pour-feux-dhydrocarbures/,0,Known PFAS Users,[],,,{},,,
Known PFAS user,48.712197,1.371605,Fluor one,Vernouillet,France,Industrial site,Manufacture of rubber and plastic products,Company,OSINT,Fluor one,https://www.fluor-one.fr/moulage-de-ptfe/,0,Known PFAS Users,[],,,{},,,
Known PFAS user,48.869018,2.45676,Fluorotechnique,Montreuil,France,Industrial site,Manufacture of rubber and plastic products,Company,OSINT,Fluorotechnique,https://fluorotechnique.fr/revetements-fluores/ ,0,Known PFAS Users,[],,,"{""maps_link"":""https://goo.gl/maps/kB3cCpLrGo9RZNjm8""}",,,
Known PFAS user,44.849789,-0.687539,Fluorotechnique,Mérignac,France,Industrial site,Manufacture of rubber and plastic products,Company,OSINT,Fluorotechnique,https://fluorotechnique.fr/revetements-fluores/,0,Known PFAS Users,[],,,"{""maps_link"":""https://goo.gl/maps/9aTwh8fPfi3kiFi36""}",,,
Known PFAS user,46.00404,1.144256,Freudenberg,Chamborêt,France,Industrial site,Manufacture of rubber and plastic products,Company,OSINT,Freudenberg,"https://www.fst.com/-/media/files/fst,-d-,com/certificates/iso_14001/castelli_calepio_iso_14001_2015_20231123.pdf",0,Known PFAS Users,[],,,{},,,
Known PFAS user,47.856769,5.346437,Freudenberg,Langres,France,Industrial site,Manufacture of rubber and plastic products,Company,OSINT,Freudenberg,"https://www.fst.com/-/media/files/fst,-d-,com/certificates/iso_14001/castelli_calepio_iso_14001_2015_20231123.pdf",0,Known PFAS Users,[],,,{},,,
Known PFAS user,45.114688,4.96675,IKV Tribology,Saint-Donat-sur-l'Herbasse,France,Industrial site,Manufacture of refined petroleum products,Company,OSINT,IKV Tribology,https://www.ikv.fr/en/catalog/categorie/products.html,0,Known PFAS Users,[],,,"{""maps_link"":""https://goo.gl/maps/W5JYpdM8hFwBv4iv5""}",,,
Known PFAS user,45.730033,4.975438,Maceplast,Lyon,France,Industrial site,Manufacture of rubber and plastic products,Company,OSINT,Maceplast,https://maceplast.fr/en/,0,Known PFAS Users,[],,,{},,,
Known PFAS user,49.746227,2.150166,Orchidee,Conty,France,Industrial site,,Company,OSINT,Orchidee,https://orchidee-fire.com/products-solutions/?_sft_product_cat=foams,0,Known PFAS Users,[],,,{},,,
Known PFAS user,43.492723,5.384043,Perimeter Solutions / Biogema,Aix en Provence,France,Industrial site,,Company,OSINT,Perimeter Solutions / Biogema,https://www.perimeter-solutions.com/fr/histoire/,0,Known PFAS Users,[],,,{},,,
Known PFAS user,50.579856,2.505733,Pirep,Busnes,France,Industrial site,Manufacture of rubber and plastic products,Company,OSINT,Pirep,https://pirep.fr/_docs/divers/Plaquette_FR.pdf,0,Known PFAS Users,[],,,{},,,
Known PFAS user,44.443986,4.969867,SAFI,Taulignan,France,Industrial site,Manufacture of rubber and plastic products,Company,OSINT,SAFI,https://www.safi-valves.com/fr/reseau-et-contact/reseau-international,0,Known PFAS Users,[],,,"{""maps_link"":""https://goo.gl/maps/GFm7hD7UxcgTUybg8""}",,,
Known PFAS user,45.642595,5.101142,Sectoriel,Saint-Quentin-Fallavier,France,Industrial site,,Company,OSINT,Sectoriel,https://www.sectoriel.com/fr/catalogsearch/result/?q=PTFE ,0,Known PFAS Users,[],,,"{""maps_link"":""https://goo.gl/maps/FqAiPm8oXgLSTAh87 ""}",,,
Known PFAS user,49.204991,2.515279,Spirel,Vineuil-Saint-Firmin,France,Industrial site,,Company,OSINT,Spirel,https://www.spirel.fr/en/our-products/specialty/ ,0,Known PFAS Users,[],,,{},,,
Known PFAS user,48.616992,2.329424,Techniflon Europe,Le Plessis-Pâte,France,Industrial site,Manufacture of rubber and plastic products,Company,OSINT,Techniflon Europe,http://www.ptfe-belt-techniflon.uk/,0,Known PFAS Users,[],,,{},,,
Known PFAS user,48.726471,4.603792,Tricoflex,Vitry-le-François,France,Industrial site,Manufacture of rubber and plastic products,Company,OSINT,Tricoflex,https://www.tricoflex.com/produit/tube-ptfe/,0,Known PFAS Users,[],,,{},,,
Known PFAS user,48.965931,2.058141,Weilburger coatings,Achères,France,Industrial site,Manufacture of rubber and plastic products,Company,OSINT,Weilburger coatings,https://www.weilburger.com/en/products,0,Known PFAS Users,[],,,"{""maps_link"":""https://goo.gl/maps/URTyCBR3p2sjWF8k9""}",,,
Known PFAS user,50.223409,8.765597,3P - Performance Plastics Products,Karben,Germany,Industrial site,Manufacture of rubber and plastic products,Company,OSINT,3P ,https://www.3pcorporate.com//wp-content/uploads/2021/10/3P-multisite_Certificate-ISO9001-2020_2023-2020.pdf ,0,Known PFAS Users,[],,,{},,,
Known PFAS user,51.373767,6.430256,AFD Advanced Fluoropolymer Devices,Kempen,Germany,Industrial site,Manufacture of rubber and plastic products,Company,OSINT,AFD Advanced Fluoropolymer Devices,http://www.advanced-fluoropolymer-devices.com/,0,Known PFAS Users,[],,,"{""maps_link"":""https://goo.gl/maps/hAK1Kfg4B6YzuT8y7""}",,,
Known PFAS user,49.495463,8.434411,BASF,Ludwigshafen,Germany,Industrial site,,Company,OSINT,BASF,,0,Known PFAS Users,[],,,{},,,
Known PFAS user,48.863124,8.578618,Baum,Birkenfeld,Germany,Industrial site,Manufacture of rubber and plastic products,Company,OSINT,Baum,https://web.archive.org/web/20220210021107/https://baum-lined-piping.com/ueber-uns,0,Known PFAS Users,[],,,"{""maps_link"":""https://www.google.com/maps/place/BAUM+lined+piping+GmbH/@48.8631135,8.5764613,17z/data=!3m1!4b1!4m5!3m4!1s0x479712c7660f25e5:0xa1c1d86dec49d814!8m2!3d48.86311!4d8.57865""}",,,
Known PFAS user,50.572857,7.032201,Bernd Schwegmann,Grafschaft-Gelsdorf,Germany,Industrial site,,Company,OSINT,Bernd Schwegmann,https://www.schwegmannnet.de/index.php/en/coating-additives/product-groups-coat/slip-levelling-and-substrate-wetting-additives/451 ,0,Known PFAS Users,[],,,"{""maps_link"":""https://g.page/bernd-schwegmann-gmbh-co--kg?share""}",,,
Known PFAS user,51.368006,6.434873,Byk,Kempen,Germany,Industrial site,,Company,OSINT,Byk,https://www.byk.com/en/products/additives-by-name/aquacer-1550-r,0,Known PFAS Users,[],,,"{""maps_link"":""https://goo.gl/maps/juWD2nm513b6c3ob9""}",,,
Known PFAS user,51.668293,6.623023,Byk,Wesel,Germany,Industrial site,,Company,OSINT,Byk,https://www.byk.com/en/products/additives-by-name/aquacer-1550-r,0,Known PFAS Users,[],,,"{""maps_link"":""https://goo.gl/maps/f1BoNsCgGr1iuvPF6 ""}",,,
Known PFAS user,52.039127,8.378872,Central Glass Germany,Halle,Germany,Industrial site,,Company,OSINT,Central Glass,https://cg-germany.com/index.php?id=26&L=1,0,Known PFAS Users,[],,,{},,,
Known PFAS user,47.858676,11.492498,CHT Bezema,Geretsried,Germany,Industrial site,,Company,OSINT,CHT Bezema Geretsried,https://web.archive.org/web/20110924074317/http://alpina-silicone.com/cms/front_content.php?idcat=11 ,0,Known PFAS Users,[],,,"{""maps_link"":""https://goo.gl/maps/voNxDvjnddMmkV7QA ""}",,,
Known PFAS user,48.458155,9.057639,CHT Bezema,Dusslingen,Germany,Industrial site,,Company,OSINT,CHT Bezema Dusslingen,https://www.cht.com/fileadmin/Group/pdf/mediencenter/zertifikate/standorte/dusslingen/CHT-Informationsbroschuere-Sicherheit-Dusslingen.pdf ,0,Known PFAS Users,[],,,"{""maps_link"":""https://goo.gl/maps/jjbGF1gruTRu8JXJ8 ""}",,,
Known PFAS user,53.062881,9.046385,CHT Bezema,Oyten,Germany,Industrial site,,Company,OSINT,CHT Bezema Oyten,https://www.cht.com/fileadmin/Group/pdf/mediencenter/allgemein/CHT-Informationsbroschuere-Sicherheit-Oyten.pdf ,0,Known PFAS Users,[],,,"{""maps_link"":""https://goo.gl/maps/d3XqBFvpsDACLpQq6   ""}",,,
Known PFAS user,48.627641,8.894782,Ensinger,Nufringen,Germany,Industrial site,Manufacture of rubber and plastic products,Company,OSINT,Ensinger,https://www.ensingerplastics.com/en-us/about-us,0,Known PFAS Users,[],,,{},,,
Known PFAS user,47.673562,9.159217,Fiberflon,Konstanz,Germany,Industrial site,Manufacture of rubber and plastic products,Company,OSINT,Fiberflon,https://www.fiberflon.de/Products/PTFE-Coated-Glass-Fabrics/Page-288-17.aspx,0,Known PFAS Users,[],,,{},,,
Known PFAS user,52.079193,7.018748,Fluor-tech Kunststoffe,Ahaus,Germany,Industrial site,Manufacture of rubber and plastic products,Company,OSINT,Fluor-tech Kunststoffe,http://fluor-tech.org/,0,Known PFAS Users,[],,,{},,,
Known PFAS user,47.617548,8.053354,Freudenberg,Görwihl,Germany,Industrial site,Manufacture of rubber and plastic products,Company,OSINT,Freudenberg,"https://www.fst.com/-/media/files/fst,-d-,com/certificates/iso_14001/castelli_calepio_iso_14001_2015_20231123.pdf",0,Known PFAS Users,[],,,{},,,
Known PFAS user,49.194779,9.483015,Freudenberg,Öhringen,Germany,Industrial site,Manufacture of rubber and plastic products,Company,OSINT,Freudenberg,"https://www.fst.com/-/media/files/fst,-d-,com/certificates/iso_14001/castelli_calepio_iso_14001_2015_20231123.pdf",0,Known PFAS Users,[],,,{},,,
Known PFAS user,49.556773,8.661127,Freudenberg,Weinheim,Germany,Industrial site,Manufacture of rubber and plastic products,Company,OSINT,Freudenberg,"https://www.fst.com/-/media/files/fst,-d-,com/certificates/iso_14001/castelli_calepio_iso_14001_2015_20231123.pdf",0,Known PFAS Users,[],,,{},,,
Known PFAS user,49.710658,8.844844,Freudenberg,Reichelsheim,Germany,Industrial site,Manufacture of rubber and plastic products,Company,OSINT,Freudenberg,"https://www.fst.com/-/media/files/fst,-d-,com/certificates/iso_14001/castelli_calepio_iso_14001_2015_20231123.pdf",0,Known PFAS Users,[],,,{},,,
Known PFAS user,50.909745,9.203012,Freudenberg,Schwalmstadt,Germany,Industrial site,Manufacture of rubber and plastic products,Company,OSINT,Freudenberg,"https://www.fst.com/-/media/files/fst,-d-,com/certificates/iso_14001/castelli_calepio_iso_14001_2015_20231123.pdf",0,Known PFAS Users,[],,,{},,,
Known PFAS user,52.437962,13.528797,Freudenberg Sealing Technologies,Berlin,Germany,Industrial site,Manufacture of rubber and plastic products,Company,OSINT,Freudenberg,"https://www.fst.com/-/media/files/fst,-d-,com/certificates/iso_14001/castelli_calepio_iso_14001_2015_20231123.pdf",0,Known PFAS Users,[],,,{},,,
Known PFAS user,53.514245,9.980366,Freudenberg Sealing Technologies,Hamburg,Germany,Industrial site,Manufacture of rubber and plastic products,Company,OSINT,Freudenberg,"https://www.fst.com/-/media/files/fst,-d-,com/certificates/iso_14001/castelli_calepio_iso_14001_2015_20231123.pdf",0,Known PFAS Users,[],,,{},,,
Known PFAS user,49.578483,10.880028,Herzogenaurach,KHP Kunststofftechnik,Germany,Industrial site,Manufacture of rubber and plastic products,Company,OSINT,KHP Kunststofftechnik,https://www.khp-plastics.com/fluoropolymers ,0,Known PFAS Users,[],,,{},,,
Known PFAS user,48.489373,10.86854,Huntsman,Langweid,Germany,Industrial site,,Company,OSINT,Huntsman,https://solutions.cht.com/cht/medien.nsf/gfx/med_MJOS-BMBEB4_3972BB/$file/The-List-by-INDITEX-Edition-IV.pdf,0,Known PFAS Users,[],,,"{""maps_link"":""https://goo.gl/maps/e1ZBLjL2MPVavT8W6""}",,,
Known PFAS user,50.217965,7.837522,Kapp Chemie ,Miehlen,Germany,Industrial site,,Company,OSINT,Kapp Chemie ,https://www.stockmeier.com/en/products/tissue-textile/textile/effect-chemicals/ ,0,Known PFAS Users,[],,,"{""maps_link"":""https://goo.gl/maps/AwmfrdU5YUxV3XYJ8 ""}",,,
Known PFAS user,48.097441,11.519929,Klüber,Münich,Germany,Industrial site,Manufacture of refined petroleum products,Company,OSINT,Klüber,https://www.klueber.com/ecomaXL/files/PFPE_Produkte_KLuber_Lubrication.PDF,0,Known PFAS Users,[],,,"{""maps_link"":""https://goo.gl/maps/2RJgwWeZVSHy6nKp6""}",,,
Known PFAS user,51.281794,6.180181,Lefatex Chemie ,Brüggen,Germany,Industrial site,,Company,OSINT,Lefatex Chemie ,https://www.lefatex.com/en/emulsion-2/,0,Known PFAS Users,[],,,"{""maps_link"":""https://goo.gl/maps/UMwHv5EsDrSaJipM8""}",,,
Known PFAS user,51.018346,6.99095,Momentive,Leverkusen,Germany,Industrial site,,Company,OSINT,Momentive,https://sds.momentive.com/ehswww/testEbiz/e/result/report.jsp?P_LANGU=E&P_SYS=1&P_SSN=21400&P_REP=00000000000000000030&P_RES=4755&winTitle=MSET%203.1 ,0,Known PFAS Users,[],,,{},,,
Known PFAS user,51.303411,13.543066,PTFE Competence Center,Grossenhain,Germany,Industrial site,Manufacture of rubber and plastic products,Company,OSINT,PTFE Competence Center GmbH,https://web.archive.org/web/20221213110924/https://www.ptfe-cc.de/ ,0,Known PFAS Users,[],,,"{""maps_link"":""https://www.google.nl/maps/place/PTFE+Competence+Center+GmbH/@52.2926378,-13.3481808,5z/data=!4m10!1m2!2m1!1sptfe!3m6!1s0x47a79d5f7ed20889:0x21f9ede6ae80ffed!8m2!3d51.3034226!4d13.5430325!15sCgRwdGZlkgEbcGxhc3RpY19mYWJyaWNhdGlvbl9jb21wYW554AEA!16s%2Fg%2F1tjxdpfj""}",,,
Known PFAS user,51.335425,13.363737,PTFE Nünchritz,Glaubitz,Germany,Industrial site,Manufacture of rubber and plastic products,Company,OSINT,PTFE Nünchritz,https://www.ptfe-nuenchritz.de/leistungen/,0,Known PFAS Users,[],,,{},,,
Known PFAS user,50.133162,8.86214,PTFE Solutions,Maintal,Germany,Industrial site,Manufacture of rubber and plastic products,Company,OSINT,PTFE Solutions,https://web.archive.org/web/20221123130639/https://www.ptfe-solutions.com/about ,0,Known PFAS Users,[],,,"{""maps_link"":""https://www.google.nl/maps/place/PTFE+Solutions+GmbH/@52.2926378,-13.3481808,5z/data=!4m10!1m2!2m1!1sptfe!3m6!1s0x47bd1180cd76ad59:0x729b0324e8582f0!8m2!3d50.1331869!4d8.8621406!15sCgRwdGZlkgETbWVjaGFuaWNhbF9lbmdpbmVlcuABAA!16s%2Fg%2F11h_fh678t""}",,,
Known PFAS user,48.785791,9.191589,PTFE-Europe,Stuttgart,Germany,Industrial site,Manufacture of rubber and plastic products,Company,OSINT,PTFE-Europe,http://www.ptfe-europe.de/pfa-daten,0,Known PFAS Users,[],,,{},,,
Known PFAS user,48.885115,9.181607,PTFE-Europe,Stuttgart,Germany,Industrial site,Manufacture of rubber and plastic products,Company,OSINT,PTFE-Europe,http://www.ptfe-europe.de/pfa-daten,0,Known PFAS Users,[],,,{},,,
Known PFAS user,51.180302,7.250889,PTFE-Solutec,Remscheid,Germany,Industrial site,Manufacture of rubber and plastic products,Company,OSINT,PTFE-Solutec,https://web.archive.org/web/20221123130110/http://www.ptfe-solutec.de/,0,Known PFAS Users,[],,,"{""maps_link"":""https://www.google.nl/maps/place/PTFE-Solutec+GmbH+Werkzeug-+%26+Vorrichtungsbau/@52.2926378,-13.3481808,5z/data=!4m10!1m2!2m1!1sptfe!3m6!1s0x47b92b942387e155:0x90829beaa347ccfa!8m2!3d51.1800299!4d7.248168!15sCgRwdGZlkgEcbWFjaGluZXJ5X3BhcnRzX21hbnVmYWN0dXJlcuABAA!16s%2Fg%2F1trxcsy2""}",,,
Known PFAS user,49.18351,9.169117,ptfe24,Heilbronn,Germany,Industrial site,Manufacture of rubber and plastic products,Company,OSINT,ptfe24,https://ptfe24.de/entwicklung-und-fertigung/,0,Known PFAS Users,[],,,{},,,
Known PFAS user,47.853964,11.488459,Rudolf Chemie,Geretsried,Germany,Industrial site,,Company,OSINT,Rudolf Chemie,https://solutions.cht.com/cht/medien.nsf/gfx/med_MJOS-BMBEB4_3972BB/$file/The-List-by-INDITEX-Edition-IV.pdf,0,Known PFAS Users,[],,,"{""maps_link"":""https://goo.gl/maps/AHeh4K68DKbSzMnx5""}",,,
Known PFAS user,48.531919,9.331073,Rudolf Gutbrod Kunststoffbeschichtungen,Dettingen an der Erms,Germany,Industrial site,Manufacture of rubber and plastic products,Company,OSINT,Rudolf Gutbrod Kunststoffbeschichtungen,https://www.gutbrod-ptfe.de/verfahren-52.html,0,Known PFAS Users,[],,,{},,,
Known PFAS user,50.257882,8.643199,Rühl ,Friedrichsdorf,Germany,Industrial site,,Company,OSINT,Rühl ,https://ruehl-flm.com/products/#foam,0,Known PFAS Users,[],,,{},,,
Known PFAS user,49.809816,8.567444,SAFI,Pfungstadt,Germany,Industrial site,Manufacture of rubber and plastic products,Company,OSINT,SAFI,https://www.safi-valves.com/fr/reseau-et-contact/reseau-international,0,Known PFAS Users,[],,,"{""maps_link"":""https://goo.gl/maps/SsVAFVtVfK6HiVhX9 ""}",,,
Known PFAS user,48.67021,9.037791,Schill+Seilacher,Böblingen,Germany,Industrial site,,Company,OSINT,Schill+Seilacher,https://solutions.cht.com/cht/medien.nsf/gfx/med_MJOS-BMBEB4_3972BB/$file/The-List-by-INDITEX-Edition-IV.pdf,0,Known PFAS Users,[],,,"{""maps_link"":""https://goo.gl/maps/vWhjUFA9no4oohiK""}",,,
Known PFAS user,50.91799,13.976089,Schill+Seilacher,Pirna,Germany,Industrial site,,Company,OSINT,Schill+Seilacher,https://www.schillseilacher.de/en/products/chemicals-for-technical-textiles/hydrophobation-oleophobization/?tx_schillseilacher_pi1%5Bcategory%5D=104&tx_schillseilacher_pi1%5Baction%5D=show&tx_schillseilacher_pi1%5Bcontroller%5D=Category&cHash=82dac00a6ea6aedde47653d5739b062a,0,Known PFAS Users,[],,,"{""maps_link"":""https://goo.gl/maps/sbL9cxeNTn6zLVkr5""}",,,
Known PFAS user,49.230411,9.172701,Solvay,Bad Wimpfen,Germany,Industrial site,,Company,OSINT,Solvay Fluor,https://www.solvay.de/standorte/bad-wimpfen/produkte,0,Known PFAS Users,[],,,"{""maps_link"":""https://goo.gl/maps/iz1ofJAoEvpr99rQ6""}",,,
Known PFAS user,51.306683,7.251951,Spengler Fluorkunststoffe,Wuppertal,Germany,Industrial site,Manufacture of rubber and plastic products,Company,OSINT,Spengler Fluorkunststoffe,https://spengler-fluorkunststoffe.de/eptfe/ ,0,Known PFAS Users,[],,,{},,,
Known PFAS user,53.536337,10.07562,STHAMER,Hamburg,Germany,Industrial site,,Company,OSINT,STHAMER,https://www.sthamer.com/en/,0,Known PFAS Users,[],,,{},,,
Known PFAS user,51.423667,7.710096,Synthetica Fluorplastics,Iserlohn,Germany,Industrial site,Manufacture of rubber and plastic products,Company,OSINT,synthetica® Fluorplastics,https://www.synthetica.de/unternehmen/,0,Known PFAS Users,[],,,{},,,
Known PFAS user,51.350863,7.081051,TEKU Fluorkunststoffe,Velbert,Germany,Industrial site,Manufacture of rubber and plastic products,Company,OSINT,TEKU GmbH Fluorkunststoffe,https://web.archive.org/web/20220617083156/https://www.teku-gmbh.com/,0,Known PFAS Users,[],,,"{""maps_link"":""https://www.google.nl/maps/place/TEKU+GmbH+Fluorkunststoffe/@52.2926378,-13.3481808,5z/data=!4m10!1m2!2m1!1sptfe!3m6!1s0x47b8dbced3857e37:0x8b6a5b5146416fb5!8m2!3d51.3508333!4d7.0810392!15sCgRwdGZlkgEbcGxhc3RpY19mYWJyaWNhdGlvbl9jb21wYW554AEA!16s%2Fg%2F1tjt10h3""}",,,
Known PFAS user,49.335683,8.420255,Thor,Speyer,Germany,Industrial site,,Company,OSINT,Thor,https://solutions.cht.com/cht/medien.nsf/gfx/med_MJOS-BMBEB4_3972BB/$file/The-List-by-INDITEX-Edition-IV.pdf,0,Known PFAS Users,[],,,"{""maps_link"":""https://goo.gl/maps/2nJZRZoyNMRKjMU67 ""}",,,
Known PFAS user,47.852596,12.964476,Trans-Textil,Freilassing,Germany,Industrial site,,Company,OSINT,Trans-Textil,http://www.trans-textil.de/html/technologie/ausruestung.html,0,Known PFAS Users,[],,,"{""maps_link"":""https://g.page/trans-textil-gmbh?share ""}",,,
Known PFAS user,53.172347,8.684534,Vector Foiltec,Bremen,Germany,Industrial site,Manufacture of rubber and plastic products,Company,OSINT,Vector Foiltec,https://www.vector-foiltec.com/texlon-etfe/,0,Known PFAS Users,[],,,{},,,
Known PFAS user,48.177445,12.842124,Wacker Chemie,Burghausen,Germany,Industrial site,Manufacture of plastics in primary forms,Company,OSINT,Wacker Burghausen,https://www.wacker.com/cms/en-us/about-wacker/wacker-at-a-glance/production-sites/burghausen/overview.html,0,Known PFAS Users,[],,,{},,,
Known PFAS user,51.292458,13.398681,Wacker Chemie ,Nünchritz,Germany,Industrial site,Manufacture of plastics in primary forms,Company,OSINT,Wacker Nünchritz,https://www.wacker.com/cms/en-us/about-wacker/wacker-at-a-glance/production-sites/nuenchritz.html ,0,Known PFAS Users,[],,,{},,,
Known PFAS user,49.62475,10.703724,Weilburger coatings,Gerhardshofen,Germany,Industrial site,Manufacture of rubber and plastic products,Company,OSINT,Weilburger coatings,https://www.weilburger.com/en/products,0,Known PFAS Users,[],,,"{""maps_link"":""https://g.page/weilburger-graphics?share""}",,,
Known PFAS user,50.489345,8.270719,Weilburger coatings,Weilburg,Germany,Industrial site,Manufacture of rubber and plastic products,Company,OSINT,Weilburger coatings,https://www.weilburger.com/en/products,0,Known PFAS Users,[],,,"{""maps_link"":""https://goo.gl/maps/d1Ny3e5MQVFNuxbD8""}",,,
Known PFAS user,52.029083,6.826575,Wevapress Thermoplastics,Vreden,Germany,Industrial site,Manufacture of rubber and plastic products,Company,OSINT,Wevapress Thermoplastics,https://www.wefapress.com/en/plastic-producing-company,0,Known PFAS Users,[],,,"{""maps_link"":""https://g.page/wefapress?share""}",,,
Known PFAS user,46.879408,19.614607,Freudenberg,Kecskemét-Kadafalva,Hungary,Industrial site,Manufacture of rubber and plastic products,Company,OSINT,Freudenberg,"https://www.fst.com/-/media/files/fst,-d-,com/certificates/iso_14001/castelli_calepio_iso_14001_2015_20231123.pdf",0,Known PFAS Users,[],,,{},,,
Known PFAS user,47.036607,19.544912,Freudenberg,Lajosmizse,Hungary,Industrial site,Manufacture of rubber and plastic products,Company,OSINT,Freudenberg,"https://www.fst.com/-/media/files/fst,-d-,com/certificates/iso_14001/castelli_calepio_iso_14001_2015_20231123.pdf",0,Known PFAS Users,[],,,{},,,
Known PFAS user,52.644493,-9.481274,Saint-Gobain,Kilrush,Ireland,Industrial site,Manufacture of rubber and plastic products,Company,OSINT,Saint-Gobain,https://www.saint-gobain.com/sites/saint-gobain.com/files/rapport_annuel_2013_en.pdf,0,Known PFAS Users,[],,,{},,,
Known PFAS user,45.474566,9.332529,3P Produits Plastiques Performants,Rodano,Italy,Industrial site,Manufacture of rubber and plastic products,Company,OSINT,3P ,https://www.3pcorporate.com//wp-content/uploads/2021/10/3P-multisite_Certificate-ISO9001-2020_2023-2020.pdf ,0,Known PFAS Users,[],,,{},,,
Known PFAS user,44.573096,11.247393,Ammeraal Beltech,Calderara di Reno,Italy,Industrial site,Manufacture of rubber and plastic products,Company,OSINT,Ammeraal Beltech,https://www.ammeraalbeltech.com/it-it/prodotti/nastri-in-ptfe/,0,Known PFAS Users,[],,,{},,,
Known PFAS user,45.397781,9.250283,CHT Bezema,Sesto Ulteriano,Italy,Industrial site,,Company,OSINT,CHT Bezema Sesto Ulteriano,https://www.cht.com/en/cht-group/locations/italy-104/cht-italia-srl-lainate-mi ,0,Known PFAS Users,[],,,"{""maps_link"":""https://goo.gl/maps/paFVW5dcrVeJYrfq8""}",,,
Known PFAS user,45.822737,13.469727,FELIS Srl Unipersonal,Trieste,Italy,Industrial site,Manufacture of rubber and plastic products,Company,OSINT,Felis,https://www.ptfe-felis.it/en/,0,Known PFAS Users,[],,,{},,,
Known PFAS user,44.812469,7.263993,Freudenberg,Luserna San Giovanni,Italy,Industrial site,Manufacture of rubber and plastic products,Company,OSINT,Freudenberg,"https://www.fst.com/-/media/files/fst,-d-,com/certificates/iso_14001/castelli_calepio_iso_14001_2015_20231123.pdf",0,Known PFAS Users,[],,,{},,,
Known PFAS user,44.900488,7.367698,Freudenberg,Pinerolo,Italy,Industrial site,Manufacture of rubber and plastic products,Company,OSINT,Freudenberg,"https://www.fst.com/-/media/files/fst,-d-,com/certificates/iso_14001/castelli_calepio_iso_14001_2015_20231123.pdf",0,Known PFAS Users,[],,,{},,,
Known PFAS user,45.6251,9.89915,Freudenberg, Castelli Calepio,Italy,Industrial site,Manufacture of rubber and plastic products,Company,OSINT,Freudenberg,"https://www.fst.com/-/media/files/fst,-d-,com/certificates/iso_14001/castelli_calepio_iso_14001_2015_20231123.pdf",0,Known PFAS Users,[],,,{},,,
Known PFAS user,45.637033,9.892425,Guarniflon,Castelli Calepio Bergamo,Italy,Industrial site,Manufacture of rubber and plastic products,Company,OSINT,Guarniflon,https://www.guarniflon.com/en/about-us,0,Known PFAS Users,[],,,{},,,
Known PFAS user,45.79324,8.698828,Huntsman,Ternate,Italy,Industrial site,,Company,OSINT,Huntsman,https://solutions.cht.com/cht/medien.nsf/gfx/med_MJOS-BMBEB4_3972BB/$file/The-List-by-INDITEX-Edition-IV.pdf,0,Known PFAS Users,[],,,"{""maps_link"":""https://goo.gl/maps/QaX3USLjyT2n9p728 ""}",,,
Known PFAS user,45.682403,9.788023,ITAflon,Bergame,Italy,Industrial site,Manufacture of rubber and plastic products,Company,OSINT,ITAflon,https://www.itaflon.com/en/,0,Known PFAS Users,[],,,"{""maps_link"":""https://goo.gl/maps/9fXTz2gASyJrqVcY6 ""}",,,
Known PFAS user,45.850034,8.636575,L.M.P. Fluorcarbon,Monvalle,Italy,Industrial site,Manufacture of rubber and plastic products,Company,OSINT,L.M.P. Fluorcarbon,https://lmp.it/en/index.html#products,0,Known PFAS Users,[],,,{},,,
Known PFAS user,45.634911,9.890708,Maflon,Castelli Calepio Bergamo,Italy,Industrial site,Manufacture of rubber and plastic products,Company,OSINT,Maflon,https://www.maflon.com/index.php?option=com_content&view=article&id=17&Itemid=109,0,Known PFAS Users,[],,,{},,,
Known PFAS user,45.699362,9.950757,MCM,Adrara San Martino,Italy,Industrial site,Manufacture of rubber and plastic products,Company,OSINT,MCM,http://mcm-spa.it/en/products/productlist/ ,0,Known PFAS Users,[],,,"{""maps_link"":""https://goo.gl/maps/3UaT6AK5oP1rRvg19""}",,,
Known PFAS user,45.614122,8.939652,Near Chimica,Legnano,Italy,Industrial site,,Company,OSINT,Near Chimica,https://www.teknofluor.it/eng/product/flexible-tubes/ptfe-tubes/ptfe-tubes/224b60d4efa6d661ffd84080250d5655/,0,Known PFAS Users,[],,,"{""maps_link"":""https://goo.gl/maps/QUKGwJSE3d8ZnR9e6""}",,,
Known PFAS user,45.444638,8.568244,ProFoam,Novare,Italy,Industrial site,,Company,OSINT,ProFoam,https://www.profoam.it/it/,0,Known PFAS Users,[],,,{},,,
Known PFAS user,43.148209,13.22589,Rhütten,Caldarola,Italy,Industrial site,Manufacture of rubber and plastic products,Company,OSINT,Rhütten,https://www.rhutten.com/about-us/?lang=en,0,Known PFAS Users,[],,,{},,,
Known PFAS user,45.640501,8.916757,Ricci,Gorla Minore,Italy,Industrial site,,Company,OSINT,Ricci,https://riccichemicals.com/textile-industry/,0,Known PFAS Users,[],,,{},,,
Known PFAS user,45.563879,9.704419,SABO Foam,Cologno Al Serio,Italy,Industrial site,,Company,OSINT,SABO Foam,https://www.sabofoam.com/afff-foam-concentrates.php,0,Known PFAS Users,[],,,{},,,
Known PFAS user,45.709002,9.576362,Serto,Brembate di Sopra,Italy,Industrial site,,Company,OSINT,Serto,https://www.serto.com/en/products/product-range/tubes-hoses/plastic-tubes/,0,Known PFAS Users,[],,,"{""maps_link"":""https://goo.gl/maps/4gkoYttk8Hp3bypF7""}",,,
Known PFAS user,45.435922,9.176926,Teknofluor,Milan,Italy,Industrial site,Manufacture of rubber and plastic products,Company,OSINT,Teknofluor,https://www.teknofluor.it/eng/product/flexible-tubes/ptfe-tubes/ptfe-tubes/224b60d4efa6d661ffd84080250d5655/,0,Known PFAS Users,[],,,{},,,
Known PFAS user,45.69567,9.518439,Weilburger coatings,Sotto Il Monte,Italy,Industrial site,Manufacture of rubber and plastic products,Company,OSINT,Weilburger coatings,https://www.weilburger.com/en/products,0,Known PFAS Users,[],,,"{""maps_link"":""https://goo.gl/maps/Dgmx4RqWhF9Qgmns6""}",,,
Known PFAS user,50.871865,6.034522,3M,Kerkrade,Netherlands,Industrial site,Manufacture of rubber and plastic products,Company,OSINT,3M,https://www.3mdeutschland.de/3M/de_DE/presse-de/pressemeldungen/ganzemeldung/?storyid=eb9b8bf0-f7a6-4503-b43e-0c33f03d6eca,0,Known PFAS Users,[],,,"{""maps_link"":""https://goo.gl/maps/z5dYoRaZxkK7WeSd8""}",,,
Known PFAS user,52.241122,6.203543,Byk,Deventer,Netherlands,Industrial site,,Company,OSINT,Byk,https://www.byk.com/en/products/additives-by-name/aquacer-1550-r,0,Known PFAS Users,[],,,"{""maps_link"":""https://goo.gl/maps/RgPdqxLt5DqDYxH66""}",,,
Known PFAS user,52.360759,6.502344,Byk,Nijverdal,Netherlands,Industrial site,,Company,OSINT,Byk,https://www.byk.com/en/products/additives-by-name/aquacer-1550-r,0,Known PFAS Users,[],,,"{""maps_link"":""https://goo.gl/maps/KjFPG4fP47Uq5A6p8""}",,,
Known PFAS user,52.387906,7.012872,Byk,Denekamp,Netherlands,Industrial site,,Company,OSINT,Byk,https://www.byk.com/en/products/additives-by-name/aquacer-1550-r,0,Known PFAS Users,[],,,"{""maps_link"":""https://goo.gl/maps/KvSqVMRNrZv3ayhQ7""}",,,
Known PFAS user,51.781977,5.537346,Daikin Chemical ,Oss,Netherlands,Industrial site,Manufacture of rubber and plastic products,Company,OSINT,Fluoroeslastomers,https://www.daikinchem.de/sites/default/files/pdf/ISO/DCN%20ISO45001-EN_exp.20220212.pdf ,0,Known PFAS Users,[],,,"{""maps_link"":""https://goo.gl/maps/2DmvovjBwJUTScGd6""}",,,
Known PFAS user,52.689088,4.834707,Fluortech,Heerhugowaard,Netherlands,Industrial site,Manufacture of rubber and plastic products,Company,OSINT,Fluortech,https://web.archive.org/web/20221123125245/https://fluortech.nl/ ,0,Known PFAS Users,[],,,"{""maps_link"":""https://www.google.nl/maps/place/Fluortech+B.V./@52.2926378,-13.3481808,5z/data=!4m10!1m2!2m1!1sptfe!3m6!1s0x47cf540834d780c3:0x4d24505127ac2902!8m2!3d52.6888587!4d4.8345!15sCgRwdGZlWgYiBHB0ZmWSAQxtYW51ZmFjdHVyZXLgAQA!16s%2Fg%2F1xb2ctw3""}",,,
Known PFAS user,52.108141,6.325583,Polycomp,Vorden,Netherlands,Industrial site,,Company,OSINT,Polycomp,https://www.polycomp.nl/compounds/,0,Known PFAS Users,[],,,{},,,
Known PFAS user,51.584554,4.827653,Polyfluor Plastics,Breda,Netherlands,Industrial site,Manufacture of rubber and plastic products,Company,OSINT,Polyfluor Plastics ,https://www.polyfluor.nl/en/materials/ ,0,Known PFAS Users,[],,,"{""maps_link"":""https://goo.gl/maps/qAgJ9MkyhFxRoxV27 ""}",,,
Known PFAS user,51.877892,4.615736,Ridderflex & Plastics,Ridderkerk,Netherlands,Industrial site,Manufacture of rubber and plastic products,Company,OSINT,Ridderflex & Plastics BV,https://web.archive.org/web/20221123133653/https://www.ridderflex.nl/ptfe-polytetrafluorethyleen ,0,Known PFAS Users,[],,,"{""maps_link"":""https://www.google.nl/maps/place/Ridderflex+%26+Plastics+B.V./@52.2926378,-13.3481808,5z/data=!4m10!1m2!2m1!1sptfe!3m6!1s0x47c42db0265723bb:0xc3458ba812a46b94!8m2!3d51.8778958!4d4.6158061!15sCgRwdGZlWgYiBHB0ZmWSARhydWJiZXJfcHJvZHVjdHNfc3VwcGxpZXLgAQA!16s%2Fg%2F1tjbrb9z""}",,,
Known PFAS user,52.312281,5.046217,Sun Chemical,Weesp,Netherlands,Industrial site,,Company,OSINT,Sun Chemical Weesp,https://www.dic-global.com/en/about/overseas.html#netherlands,0,Known PFAS Users,[],,,{},,,
Known PFAS user,52.028655,5.64469,Tanatex,Ede,Netherlands,Industrial site,,Company,OSINT,Tanatex,https://solutions.cht.com/cht/medien.nsf/gfx/med_MJOS-BMBEB4_3972BB/$file/The-List-by-INDITEX-Edition-IV.pdf,0,Known PFAS Users,[],,,"{""maps_link"":""https://goo.gl/maps/2Pn5eMN4zt6deKmKA ""}",,,
Known PFAS user,60.406329,5.000822,Nordic Fire ,Ågotnes,Norway,Industrial site,,Company,OSINT,Nordic Fire ,https://www.nordicfs.no/ ,0,Known PFAS Users,[],,,{},,,
Known PFAS user,52.492528,17.416588,EDER,Falkowo,Poland,Industrial site,Manufacture of rubber and plastic products,Company,OSINT,EDER,https://eder-belts.com/,0,Known PFAS Users,[],,,{},,,
Known PFAS user,51.739427,19.60494,Plastics constructions,Lodz,Poland,Industrial site,Manufacture of rubber and plastic products,Company,OSINT,Plastics constructions,https://g.page/plastic-construction?share,0,Known PFAS Users,[],,,"{""maps_link"":""https://g.page/plastic-construction?share""}",,,
Known PFAS user,43.958247,25.346356,Fluorocarbons,Alexandria,Romania,Industrial site,Manufacture of rubber and plastic products,Company,OSINT,Fluorocarbons,https://fluorocarbon.co.uk/about-us/company-history,0,Known PFAS Users,[],,,"{""maps_link"":""https://goo.gl/maps/LXAt2StQXoEbs4GS7""}",,,
Known PFAS user,44.578952,26.081791,Maceplast,Otopeni,Romania,Industrial site,Manufacture of rubber and plastic products,Company,OSINT,Maceplast,https://maceplast.ro/ro/,0,Known PFAS Users,[],,,{},,,
Known PFAS user,46.137968,14.401167,Dastaflon,Medvode,Slovenia,Industrial site,Manufacture of rubber and plastic products,Company,OSINT,Dastaflon,https://dastaflon.si/en/,0,Known PFAS Users,[],,,{},,,
Known PFAS user,39.471674,-0.538828,3P Productos Plásticos Performantes,Valencia,Spain,Industrial site,Manufacture of rubber and plastic products,Company,OSINT,3P ,https://www.3pcorporate.com//wp-content/uploads/2021/10/3P-multisite_Certificate-ISO9001-2020_2023-2020.pdf ,0,Known PFAS Users,[],,,{},,,
Known PFAS user,41.566989,2.244043,Freudenberg,Parets del Vallès,Spain,Industrial site,Manufacture of rubber and plastic products,Company,OSINT,Freudenberg,"https://www.fst.com/-/media/files/fst,-d-,com/certificates/iso_14001/castelli_calepio_iso_14001_2015_20231123.pdf",0,Known PFAS Users,[],,,{},,,
Known PFAS user,42.798772,-1.672548,Huntsman,Navarre,Spain,Industrial site,,Company,OSINT,Huntsman,https://solutions.cht.com/cht/medien.nsf/gfx/med_MJOS-BMBEB4_3972BB/$file/The-List-by-INDITEX-Edition-IV.pdf,0,Known PFAS Users,[],,,"{""maps_link"":""https://goo.gl/maps/yGqMaDFE12bTTPea8""}",,,
Known PFAS user,43.27271,-5.830644,Perimeter Solutions Auxquimica,Mieres,Spain,Industrial site,,Company,OSINT,Perimeter Solutions Auxquimica,https://www.perimeter-solutions.com/en/class-b-foam-emea/,0,Known PFAS Users,[],,,{},,,
Known PFAS user,41.467301,2.165926,Sabo Española,Montcada i Reixac,Spain,Industrial site,,Company,OSINT,SABO Foam,https://www.sabo-esp.com/en/productos/espumogeno/,0,Known PFAS Users,[],,,{},,,
Known PFAS user,41.230558,1.531983,SAFI FÁBRICA DE VÁLVULAS,Tarragona,Spain,Industrial site,Manufacture of rubber and plastic products,Company,OSINT,SAFI,https://www.safi-valves.com/fr/reseau-et-contact/reseau-international,0,Known PFAS Users,[],,,"{""maps_link"":""https://goo.gl/maps/zThzWzaiovcdDK7GA""}",,,
Known PFAS user,41.527525,2.143413,Trumpler,Barcelona,Spain,Industrial site,,Company,OSINT,Trumpler,https://solutions.cht.com/cht/medien.nsf/gfx/med_MJOS-BMBEB4_3972BB/$file/The-List-by-INDITEX-Edition-IV.pdf,0,Known PFAS Users,[],,,"{""maps_link"":""https://goo.gl/maps/Jp9w3eXW8derNoUA7""}",,,
Known PFAS user,43.314351,-5.816608,VS Focum,Olloniego,Spain,Industrial site,,Company,OSINT,VS Focum,https://vsfocum.com/foams/,0,Known PFAS Users,[],,,{},,,
Known PFAS user,56.081544,12.729126,Fomtec,Helsingborg,Sweden,Industrial site,,Company,OSINT,Fomtec,https://www.fomtec.com/category/fire-fighting-foam/fluorinated/ ,0,Known PFAS Users,[],,,{},,,
Known PFAS user,47.347048,9.590064,CHT Bezema,Montlingen,Switzerland,Industrial site,,Company,OSINT,CHT Bezema Montlingen,https://www.cht.com/en/cht-group/locations/switzerland-41/cht-switzerland-ag-montlingen,0,Known PFAS Users,[],,,"{""maps_link"":""https://goo.gl/maps/GpEaddVeAWhiCKVf6""}",,,
Known PFAS user,47.701337,8.498678,Metaflon,Gächlingen,Switzerland,Industrial site,Manufacture of rubber and plastic products,Company,OSINT,Metaflon,https://metaflon.ch/plastic-chipping/?lang=en,0,Known PFAS Users,[],,,{},,,
Known PFAS user,47.574028,8.919385,Serto,Frauenfeld,Switzerland,Industrial site,,Company,OSINT,Serto,https://www.serto.com/en/products/product-range/tubes-hoses/plastic-tubes/,0,Known PFAS Users,[],,,"{""maps_link"":""https://goo.gl/maps/4KWjSGLVBQ3RDWA9A  ""}",,,
Known PFAS user,52.504114,-0.682637,3F,Corby,United Kingdom,Industrial site,,Company,OSINT,3F,https://www.3fff.co.uk/,0,Known PFAS Users,[],,,{},,,
Known PFAS user,53.678695,-1.765953,Aflex Hose,Huddersfield,United Kingdom,Industrial site,Manufacture of rubber and plastic products,Company,OSINT,Aflex Hose,https://www.aflex-hose.com/,0,Known PFAS Users,[],,,{},,,
Known PFAS user,51.800193,-0.188601,AFT Fluorotec,Welwyn Garden City,United Kingdom,Industrial site,Manufacture of rubber and plastic products,Company,OSINT,AFT Fluorotec Ltd,https://web.archive.org/web/20221123134309/https://www.fluorotec.com/ ,0,Known PFAS Users,[],,,"{""maps_link"":""https://www.google.nl/maps/place/AFT+Fluorotec+Coatings/@51.800186,-0.1922163,17z/data=!4m9!1m2!2m1!1sAFT+Fluorotec+Coatings+Manufacturing+Site+!3m5!1s0x4876276c417a1b65:0xdd2c20d11504e8d2!8m2!3d51.8001404!4d-0.1885459!15sCilBRlQgRmx1b3JvdGVjIENvYXRpbmdzIE1hbnVmYWN0dXJpbmcgU2l0ZZIBG3BsYXN0aWNfZmFicmljYXRpb25fY29tcGFueeABAA""}",,,
Known PFAS user,51.803137,-0.18859,AFT Fluorotec,Swiftfields,United Kingdom,Industrial site,Manufacture of rubber and plastic products,Company,OSINT,AFT Fluorotec,https://www.fluorotec.com/who-we-are/about-aft-fluorotec/,0,Known PFAS Users,[],,,{},,,
Known PFAS user,54.116355,-2.510397,Angus Fire,Bentham,United Kingdom,Industrial site,,Company,OSINT,Angus Fire,https://angusfire.co.uk/products/foam-concentrates/guidance-documents/material-safety-data-sheets/ ,0,Known PFAS Users,[],,,{},,,
Known PFAS user,53.452304,-2.133067,Apollo Scientific,Denton,United Kingdom,Industrial site,,Company,OSINT,Apollo Scientific,https://store.apolloscientific.co.uk/category/chemicals/fluorinated-building-blocks ,0,Known PFAS Users,[],,,{},,,
Known PFAS user,53.578043,-2.527057,Beldam Crossley,Bolton,United Kingdom,Industrial site,Manufacture of rubber and plastic products,Company,OSINT,Beldam Crossley,https://www.beldamcrossley.co.uk/products/ptfe-teflon-seals/,0,Known PFAS Users,[],,,{},,,
Known PFAS user,53.385026,-2.714929,Byk,Widnes,United Kingdom,Industrial site,,Company,OSINT,Byk,https://www.byk.com/en/products/additives-by-name/aquacer-1550-r,0,Known PFAS Users,[],,,"{""maps_link"":""https://goo.gl/maps/hq8Lbcwcv7YtsWD28     ""}",,,
Known PFAS user,51.111148,-2.988487,CHT Bezema,Bridgwater,United Kingdom,Industrial site,,Company,OSINT,CHT Bezema Bridgwater,https://www.cht.com/en/cht-group/locations/united-kingdom-74/cht-uk-bridgwater-ltd-bridgwater,0,Known PFAS Users,[],,,"{""maps_link"":""https://goo.gl/maps/YmEjJYwrh4FVaQi39 ""}",,,
Known PFAS user,53.308427,-2.263086,Duraflon,Cheshire,United Kingdom,Industrial site,Manufacture of rubber and plastic products,Company,OSINT,Duraflon,http://duraflon.co.uk/index.html,0,Known PFAS Users,[],,,{},,,
Known PFAS user,53.70693,-2.328226,Elekem,Haslingden,United Kingdom,Industrial site,Manufacture of rubber and plastic products,Company,OSINT,Elekem,https://www.elekem.com/ptfe/,0,Known PFAS Users,[],,,{},,,
Known PFAS user,53.350861,-1.411185,Fluorocarbons,Sheffield,United Kingdom,Industrial site,Manufacture of rubber and plastic products,Company,OSINT,Fluorocarbons,https://fluorocarbon.co.uk/about-us/company-history,0,Known PFAS Users,[],,,"{""maps_link"":""https://goo.gl/maps/VNHAbwWXroWiR9gv8""}",,,
Known PFAS user,51.796542,-0.06472,Fluorocarbons,Hertford,United Kingdom,Industrial site,Manufacture of rubber and plastic products,Company,OSINT,Fluorocarbons,https://fluorocarbon.co.uk/about-us/company-history,0,Known PFAS Users,[],,,"{""maps_link"":""https://goo.gl/maps/vchb6A8z4YKLUWNg6""}",,,
Known PFAS user,53.629973,-2.133638,Fothergill Group,Rochdale,United Kingdom,Industrial site,Manufacture of rubber and plastic products,Company,OSINT,Fothergill Group,https://www.fothergillgroup.com/history/,0,Known PFAS Users,[],,,{},,,
Known PFAS user,55.024687,-1.497828,Freudenberg Sealing Technologies,Newcastle-upon-Tyne,United Kingdom,Industrial site,Manufacture of rubber and plastic products,Company,OSINT,Freudenberg,"https://www.fst.com/-/media/files/fst,-d-,com/certificates/iso_14001/castelli_calepio_iso_14001_2015_20231123.pdf",0,Known PFAS Users,[],,,{},,,
Known PFAS user,54.194438,-2.910945,Grange Tubes,Grange-over-Sands,United Kingdom,Industrial site,Manufacture of rubber and plastic products,Company,OSINT,Grange Tubes,https://www.grange-tubes.co.uk/Info,0,Known PFAS Users,[],,,{},,,
Known PFAS user,52.881195,-1.145936,Green Tweed,Nottingham,United Kingdom,Industrial site,Manufacture of rubber and plastic products,Company,OSINT,Green Tweed UK,https://www.gtweed.com/wp-content/uploads/2022/03/AS9100-Certificate.pdf,0,Known PFAS Users,[],,,{},,,
Known PFAS user,51.826255,-2.511712,Holscot Fluoropolymers,Cinderford ,United Kingdom,Industrial site,Manufacture of rubber and plastic products,Company,OSINT,Holscot Fluoropolymers,https://web.archive.org/web/20220815163539/https://holscot.com/,0,Known PFAS Users,[],,,"{""maps_link"":""https://goo.gl/maps/wrjZreyCU96ZxxA96""}",,,
Known PFAS user,52.926121,-0.604567,Holscot Fluoropolymers,Grantham,United Kingdom,Industrial site,Manufacture of rubber and plastic products,Company,OSINT,Holscot Fluoropolymers,https://web.archive.org/web/20220815163539/https://holscot.com/,0,Known PFAS Users,[],,,"{""maps_link"":""https://goo.gl/maps/uYorfqUrVYyVRozR6 ""}",,,
Known PFAS user,56.197186,-3.007234,Holscot Fluoropolymers,Leven,United Kingdom,Industrial site,Manufacture of rubber and plastic products,Company,OSINT,Holscot Fluoropolymers,https://web.archive.org/web/20220815163539/https://holscot.com/,0,Known PFAS Users,[],,,"{""maps_link"":""https://goo.gl/maps/oTfgYJ8r9btAwdes6 ""}",,,
Known PFAS user,53.463065,-2.327566,M&I Materials ,Manchester,United Kingdom,Industrial site,Manufacture of refined petroleum products,Company,OSINT,M&I Materials ,https://apiezon.com/products/vacuum-greases/apiezon-pfpe-501-grease/,0,Known PFAS Users,[],,,"{""maps_link"":""https://goo.gl/maps/Yvv7qFN7yPXs68SX8""}",,,
Known PFAS user,56.834634,-2.281609,Oiltechnic ,Aberdeenshire,United Kingdom,Industrial site,,Company,OSINT,Oiltechnic ,https://www.firefightingfoam.com/fire-fighting-foam/aberdeen-fire-fighting-foam/ ,0,Known PFAS Users,[],,,{},,,
Known PFAS user,50.825324,-0.357368,PTFE Applied Coatings,Worthing,United Kingdom,Industrial site,Manufacture of rubber and plastic products,Company,OSINT,PTFE Applied Coatings,https://web.archive.org/web/20221123133037/https://www.fluoroprecision.co.uk/about-fluoro-precision-ptfe-teflon-xylan-coating,0,Known PFAS Users,[],,,"{""maps_link"":""https://www.google.nl/maps/place/PTFE+Applied+Coatings/@50.825304,-0.4254107,13z/data=!4m9!1m2!2m1!1sptfe+applied+coatings!3m5!1s0x4875c4fbd19357ed:0x6ecaad12fcbbb416!8m2!3d50.8253033!4d-0.3573795!15sChVwdGZlIGFwcGxpZWQgY29hdGluZ3OSARJwcmVjaXNpb25fZW5naW5lZXLgAQA ""}",,,
Known PFAS user,50.994713,-0.609215,PTFE Coatings,Petworth,United Kingdom,Industrial site,Manufacture of rubber and plastic products,Company,OSINT,PTFE Coatings,https://web.archive.org/web/20220320093157/https://www.ptfecoatings.com/,0,Known PFAS Users,[],,,"{""maps_link"":""https://www.google.nl/maps/place/PTFE+Coatings+LTD/@52.2926378,-13.3481808,5z/data=!4m10!1m2!2m1!1sptfe!3m6!1s0x4875b636b1891dbd:0x923ef548ebe8c177!8m2!3d50.9947109!4d-0.6092126!15sCgRwdGZlkgERY2hlbWljYWxfaW5kdXN0cnngAQA!16s%2Fg%2F11b6b2z916""}",,,
Known PFAS user,53.609263,-2.407541,PTFE Developments,Bolton,United Kingdom,Industrial site,Manufacture of rubber and plastic products,Company,OSINT,PTFE Developments,http://www.ptfe-developments.co.uk/,0,Known PFAS Users,[],,,{},,,
Known PFAS user,53.679437,-1.736321,PTFEFLEX,Huddersfield,United Kingdom,Industrial site,Manufacture of rubber and plastic products,Company,OSINT,PTFEFLEX,https://ptfeflex.uk.com/products/,0,Known PFAS Users,[],,,{},,,
Known PFAS user,50.716664,-2.072072,SAFI,Holton Heath,United Kingdom,Industrial site,Manufacture of rubber and plastic products,Company,OSINT,SAFI,https://www.safi-valves.com/fr/reseau-et-contact/reseau-international,0,Known PFAS Users,[],,,"{""maps_link"":""https://g.page/SAFI-Valves?share ""}",,,
Known PFAS user,51.548758,-0.567634,Sun Chemical,Slough,United Kingdom,Industrial site,,Company,OSINT,Sun Chemical Slough,https://www.dic-global.com/en/about/overseas.html#uk,0,Known PFAS Users,[],,,{},,,
Known PFAS user,53.692791,-1.843939,Techbelt,Elland,United Kingdom,Industrial site,Manufacture of rubber and plastic products,Company,OSINT,Techbelt,https://www.techbelt.com/,0,Known PFAS Users,[],,,{},,,
Known PFAS user,53.406939,-2.186103,Tyco,Stockport,United Kingdom,Industrial site,,Company,OSINT,Tyco,https://www.tyco-fire.com/,0,Known PFAS Users,[],,,{},,,
Known PFAS user,53.885444,-3.001529,Victrex,Thornton-Cleveleys,United Kingdom,Industrial site,,Company,OSINT,Victrex,https://www.victrexplc.com/about/our-history/,0,Known PFAS Users,[],,,{},,,
Known PFAS user,51.748342,-2.29445,Victrex ,Stonehouse,United Kingdom,Industrial site,,Company,OSINT,Victrex ,https://www.victrexplc.com/about/our-history/,0,Known PFAS Users,[],,,{},,,
Known PFAS user,53.440712,-1.36346,Victrex ,Rotherham,United Kingdom,Industrial site,,Company,OSINT,Victrex ,https://www.victrexplc.com/about/our-history/,0,Known PFAS Users,[],,,{},,,
Known PFAS user,54.61016,-1.170287,Victrex Seal Sands,Middlesbrough,United Kingdom,Industrial site,,Company,OSINT,Victrex Seal Sands,https://www.victrexplc.com/about/our-history/,0,Known PFAS Users,[],,,{},,,
Known PFAS user,53.348085,-2.678003,Whitfield,Runcorn,United Kingdom,Industrial site,Manufacture of rubber and plastic products,Company,OSINT,Whitfield,https://www.fluoroprecision.co.uk/about-fluoro-precision-ptfe-teflon-xylan-coating/whitford-worldwide-ptfe-coatings ,0,Known PFAS Users,[],,,{},,,
Known PFAS user,49.895136,8.65309,Merck KGaA,Darmstadt,Germany,Industrial site,,Company,Press inquiry,Merck KGaA,,0,Known PFAS Users,[],,,"{""maps_link"":""https://goo.gl/maps/26CB8EjzoYe1N7No7""}",,,
Known PFAS user,47.894347,11.846351,W. L. Gore,Gendorf,Germany,Industrial site,,Company,Press inquiry,W. L. Gore,,0,Known PFAS Users,[],,,{},,,
Known PFAS user,48.074409,11.724017,W. L. Gore,Putzbrunn,Germany,Industrial site,,Company,Press inquiry,W. L. Gore,,0,Known PFAS Users,[],,,"{""maps_link"":""https://goo.gl/maps/escVW468GdGNBAFe9""}",,,
Known PFAS user,49.10503,10.966911,W. L. Gore,Pleinfeld,Germany,Industrial site,,Company,Press inquiry,W. L. Gore,,0,Known PFAS Users,[],,,"{""maps_link"":""https://goo.gl/maps/7AmpKYxwegd9Hyg7A""}",,,
Known PFAS user,49.442606,8.666119,nan,Dossenheim,Germany,Industrial site,,Company,Press inquiry,Evonik,https://drive.google.com/file/d/1M2eNGCcwsWsJERX-LzofTYmPii9ge7xC/view?usp=share_link,0,Known PFAS Users,[],,,"{""maps_link"":""https://goo.gl/maps/iKoqTtvgiVpLSimW6""}",,,
Known PFAS user,50.118893,8.965212,nan,Hanau,Germany,Industrial site,,Company,Press inquiry,Evonik,https://drive.google.com/file/d/1M2eNGCcwsWsJERX-LzofTYmPii9ge7xC/view?usp=share_link,0,Known PFAS Users,[],,,"{""maps_link"":""https://goo.gl/maps/JAEd5weUfNFbBAX89""}",,,
Known PFAS user,47.568499,7.805155,nan,Rheinfelden,Germany,Industrial site,,Company,Press inquiry,Evonik,https://drive.google.com/file/d/1M2eNGCcwsWsJERX-LzofTYmPii9ge7xC/view?usp=share_link,0,Known PFAS Users,[],,,"{""maps_link"":""https://goo.gl/maps/yLNUQcRrGciQSAuZ6""}",,,
Known PFAS user,51.905094,-8.278939,Merck,Carrigtwohill,Ireland,Industrial site,,Company,Press inquiry,Merck,,0,Known PFAS Users,[],,,"{""maps_link"":""https://goo.gl/maps/NHY1r4sKkHYeoM5Q8""}",,,
Known PFAS user,50.852041,5.99347,W. L. Gore,Heerlen,Netherlands,Industrial site,,Company,Press inquiry,W. L. Gore,,0,Known PFAS Users,[],,,"{""maps_link"":""https://goo.gl/maps/sPdjrmdHBMLKrA2z8""}",,,
Known PFAS user,55.880124,-3.54072,W. L. Gore,Livingston,United Kingdom,Industrial site,,Company,Press inquiry,W. L. Gore,,0,Known PFAS Users,[],,,"{""maps_link"":""https://goo.gl/maps/2dvZdNaMmJPAhsnm6""}",,,
Known PFAS user,56.46129,-3.046195,W. L. Gore,Dundee,United Kingdom,Industrial site,,Company,Press inquiry,W. L. Gore,,0,Known PFAS Users,[],,,"{""maps_link"":""https://goo.gl/maps/gpkStDw8VxyzrGQT7""}",,,
Known PFAS user,47.975337,13.615337,Lenzing Plastics,Lenzing,Austria,Industrial site,Manufacture of rubber and plastic products,Authorities,FOI,FOI document,,0,Known PFAS Users,[],,,"{""maps_link"":""https://goo.gl/maps/Vod2t7nB9Tk1YH3X7""}",,,
Known PFAS user,55.885751,12.348006,Gunnar Haagensen,Lillerød,Denmark,Industrial site,Manufacture of rubber and plastic products,Authorities,FOI,FOI document,,0,Known PFAS Users,[],,,"{""maps_link"":""https://g.page/gunnar-haagensen?share""}",,,
Known PFAS user,45.829161,5.010525,Approflon,Beynost,France,Industrial site,Manufacture of rubber and plastic products,Authorities,FOI,FOI document,,0,Known PFAS Users,[],,,"{""maps_link"":""https://goo.gl/maps/nGLuen1fnMmwhTZu9""}",,,
Known PFAS user,48.765234,11.593201,BAYERNOIL Raffinerie,Vohburg an der Donau,Germany,Industrial site,,Authorities,FOI,FOI document,,0,Known PFAS Users,[],,,{},,,
Known PFAS user,48.786494,11.761767,BAYERNOIL Raffinerie,Neustadt an der Donau,Germany,Industrial site,,Authorities,FOI,FOI document,,0,Known PFAS Users,[],,,{},,,
Known PFAS user,49.421623,8.507796,Exolum Mannheim GmbH,Mannheim,Germany,Industrial site,,Authorities,FOI,FOI document,,0,Known PFAS Users,[],,,{},,,
Known PFAS user,48.793441,11.480458,Gunvor Raffinerie Ingolstadt,Kösching,Germany,Industrial site,,Authorities,FOI,FOI document,,0,Known PFAS Users,[],,,{},,,
Known PFAS user,53.608678,8.08786,HES Tank Terminal GmbH/HES Wilhelmshaven Tank Terminal GmbH,Wilhelmshaven,Germany,Industrial site,,Authorities,FOI,FOI document,,0,Known PFAS Users,[],,,{},,,
Known PFAS user,52.194844,11.677709,Magdeburger Umschlag und Tanklager Dettmer GmbH,Magdeburg,Germany,Industrial site,,Authorities,FOI,FOI document,,0,Known PFAS Users,[],,,{},,,
Known PFAS user,51.36872,6.663077,Covestro,Krefeld,Germany,Industrial site,,Company,Press inquiry,Email from the company (Covestro),,0,Known PFAS Users,[],,,"{""maps_link"":""https://goo.gl/maps/2RHZUCxXkKmCP3BB6""}",,,
Known PFAS user,44.549992,11.271323,Alfa,Calderara di Reno,Italy,Industrial site,Manufacture of rubber and plastic products,Authorities,FOI,FOI document,,0,Known PFAS Users,[],,,"{""maps_link"":""https://goo.gl/maps/44wQcetXK1oTUhBFA""}",,,
Known PFAS user,45.657766,10.127349,Binox,Polaveno,Italy,Industrial site,Manufacture of rubber and plastic products,Authorities,FOI,FOI document,,0,Known PFAS Users,[],,,"{""maps_link"":""https://goo.gl/maps/Bw1FZEhWWSGuoMVC8""}",,,
Known PFAS user,45.680388,9.178193,Caast,Mariano Comense,Italy,Industrial site,Manufacture of rubber and plastic products,Authorities,FOI,FOI document,,0,Known PFAS Users,[],,,"{""maps_link"":""https://goo.gl/maps/7GWiypJV5fAozzpT8""}",,,
Known PFAS user,45.481878,10.385941,Cavagna,Ponte San Marco,Italy,Industrial site,Manufacture of rubber and plastic products,Authorities,FOI,FOI document,,0,Known PFAS Users,[],,,"{""maps_link"":""https://goo.gl/maps/6PopkMsmhMPZ6HZo6 ""}",,,
Known PFAS user,45.566693,9.145375,CDR,Bollate,Italy,Industrial site,Manufacture of rubber and plastic products,Authorities,FOI,FOI document,,0,Known PFAS Users,[],,,"{""maps_link"":""https://goo.gl/maps/dN1zTo7tk61qbYLa9""}",,,
Known PFAS user,45.516521,9.846142,Diflon,Calcio,Italy,Industrial site,Manufacture of rubber and plastic products,Authorities,FOI,FOI document,,0,Known PFAS Users,[],,,"{""maps_link"":""https://goo.gl/maps/KhiqvoDQLCm4hp7HA""}",,,
Known PFAS user,45.634075,8.918837,Esa,Marnate,Italy,Industrial site,Manufacture of rubber and plastic products,Authorities,FOI,FOI document,,0,Known PFAS Users,[],,,"{""maps_link"":""https://goo.gl/maps/8PxxpayR87tNjLp7A""}",,,
Known PFAS user,45.538311,10.100988,FHT,Brescia,Italy,Industrial site,Manufacture of rubber and plastic products,Authorities,FOI,FOI document,,0,Known PFAS Users,[],,,"{""maps_link"":""https://goo.gl/maps/i5MhxTEzEptfRtQK9""}",,,
Known PFAS user,44.538985,8.989068,FIP/Aliaxis,Casella,Italy,Industrial site,Manufacture of rubber and plastic products,Authorities,FOI,FOI document,,0,Known PFAS Users,[],,,"{""maps_link"":""https://goo.gl/maps/5ifz7AwZW9htjqJV6""}",,,
Known PFAS user,45.627971,9.884831,Fluorseals,Grumello del Monte,Italy,Industrial site,Manufacture of rubber and plastic products,Authorities,FOI,FOI document,,0,Known PFAS Users,[],,,"{""maps_link"":""https://goo.gl/maps/1PTFEHApaVH8M5vj8""}",,,
Known PFAS user,45.625439,9.893371,Fluorten,Castelli Calepio,Italy,Industrial site,Manufacture of rubber and plastic products,Authorities,FOI,FOI document,,0,Known PFAS Users,[],,,"{""maps_link"":""https://goo.gl/maps/DRWWkKDHr2xiAPVLA""}",,,
Known PFAS user,43.850006,11.095582,Iris Green,Prato,Italy,Industrial site,,Authorities,FOI,FOI document,,0,Known PFAS Users,[],,,"{""maps_link"":""https://goo.gl/maps/Q785wKoqfoFBUkGWA""}",,,
Known PFAS user,45.596883,5.092369,Isoflon,Diémoz,Italy,Industrial site,Manufacture of rubber and plastic products,Authorities,FOI,FOI document,,0,Known PFAS Users,[],,,"{""maps_link"":""https://goo.gl/maps/65RVJvBK7xXC9nmF6""}",,,
Known PFAS user,45.661132,8.431798,IVR,Boca,Italy,Industrial site,Manufacture of rubber and plastic products,Authorities,FOI,FOI document,,0,Known PFAS Users,[],,,"{""maps_link"":""https://goo.gl/maps/XwzysT8qZNeYBQoE7""}",,,
Known PFAS user,45.628584,9.885295,Robecchi,Grumello del Monte,Italy,Industrial site,Manufacture of rubber and plastic products,Authorities,FOI,FOI document,,0,Known PFAS Users,[],,,"{""maps_link"":""https://goo.gl/maps/SShXkjF4tbMMSPhq8""}",,,
Known PFAS user,45.411256,9.112477,Stegi,Buccinasco,Italy,Industrial site,Manufacture of rubber and plastic products,Authorities,FOI,FOI document,,0,Known PFAS Users,[],,,"{""maps_link"":""https://goo.gl/maps/y7acxEE66tdq6o7L9""}",,,
Known PFAS user,44.77786,10.875888,Valvole,Carpi,Italy,Industrial site,Manufacture of rubber and plastic products,Authorities,FOI,FOI document,,0,Known PFAS Users,[],,,"{""maps_link"":""https://goo.gl/maps/rx1Fr42wH66kjnCt9""}",,,
Known PFAS user,52.403487,4.82941,Exolum Amsterdam,Amsterdam,Netherlands,Industrial site,,Authorities,FOI,FOI document,,0,Known PFAS Users,[],,,{},,,
Known PFAS user,51.967849,4.034241,Neste,Maasvlakte Rotterdam,Netherlands,Industrial site,,Authorities,FOI,FOI document,,0,Known PFAS Users,[],,,{},,,
Known PFAS user,51.955693,4.027291,Unified Fire Brigade (Gezamenlijke Brandweer),Maasvlakte Rotterdam,Netherlands,Industrial site,,Authorities,FOI,FOI document,,0,Known PFAS Users,[],,,{},,,
Known PFAS user,51.786917,0.224593,mcp engineering plastics,Matching Green,United Kingdom,Industrial site,Manufacture of rubber and plastic products,Authorities,FOI,FOI document,,0,Known PFAS Users,[],,,"{""maps_link"":""https://goo.gl/maps/bAX1xPJntjj396Tz5""}",,,
